player_id,player,position,school,class_level,state,notes,mlb_id,consensus_rank,avg_rank,median_rank,best_rank,worst_rank,spread,stdev,n_sources,src_baseball_america,src_espn_mcdaniel,src_just_baseball,src_keith_law,src_mlb_pipeline
p0000,Roch Cholowsky,SS,UCLA,College,AZ,"Chandler, AZ; 21.0 JR",800604.0,1,1.0,1.0,1,1,0,0.0,6,1.0,1.0,1.0,1.0,1.0
p0001,Grady Emerson,SS,"Fort Worth Christian HS, North Richland Hills, Texas",HS,TX,Texas commit; age 18.4,815690.0,2,2.5,2.0,1,5,4,1.36,5,2.0,2.0,1.0,5.0,2.0
p0002,Vahn Lackey,C,Georgia Tech,College,GA,B/T: R/R,822518.0,3,2.95,3.0,2,5,3,1.0,6,3.0,3.0,2.0,2.0,3.0
p0003,Jackson Flora,RHP,UC Santa Barbara,College,CA,"hometown: Pleasanton, CA; bat/throw: R/R",814176.0,4,3.57,3.5,2,5,3,0.96,6,4.0,4.0,3.0,3.0,5.0
p0004,Eric Booth Jr.,OF,Oak Grove HS (MS),HS,MS,commitment: Vanderbilt; bat/throw: L/L,835727.0,5,5.81,6.0,2,9,7,2.24,5,6.0,5.0,2.0,9.0,6.0
p0007,Drew Burress,OF,Georgia Tech,College,GA,B/T: R/R,806039.0,6,6.38,7.0,4,8,4,1.57,6,8.0,7.0,4.0,7.0,7.0
p0005,Jacob Lombard,SS,Gulliver Prep,HS,FL,commitment: Miami; bat/throw: R/R,813075.0,7,7.78,5.0,3,17,14,5.08,5,5.0,8.0,3.0,17.0,4.0
p0012,Ryder Helfrick,C,Arkansas,College,CA,"Livermore, CA; 21.2 JR",805785.0,8,11.35,10.5,6,18,12,4.79,6,7.0,6.0,8.0,18.0,13.0
p0023,Derek Curiel,OF,LSU,College,CA,age 21.1,815156.0,9,12.05,11.0,10,17,7,2.52,6,10.0,17.0,10.0,10.0,12.0
p0020,Cameron Flukey,RHP,Coastal Carolina,College,NJ,B/T: R/R,805619.0,10,12.62,13.0,9,16,7,2.21,6,13.0,9.0,13.0,16.0,11.0
p0010,Chris Hacopian,2B,Texas A&M,College,MD,B/T: R/R,806680.0,11,12.89,10.5,5,21,16,5.9,6,11.0,19.0,5.0,21.0,10.0
p0011,Jared Grindlinger,OF,Huntington Beach (Calif.) HS,HS,CA,Tennessee commit; age 17.2,828796.0,12,13.13,12.0,5,18,13,4.87,5,18.0,11.0,5.0,12.0,18.0
p0013,Liam Peterson,RHP,Florida,College,FL,"Clearwater, FL; 20.9 JR",805794.0,13,13.41,13.5,6,20,14,5.15,6,20.0,13.0,19.0,8.0,14.0
p0019,Justin Lebron,SS,Alabama,College,FL,age 21.7,807311.0,14,13.51,12.5,9,19,10,3.86,6,19.0,10.0,11.0,14.0,9.0
p0009,Tyler Bell,SS,Kentucky,College,IL,"Frankfort, IL; 20.8 SO",815628.0,15,13.76,10.5,4,29,25,8.54,6,9.0,29.0,7.0,4.0,20.0
p0008,Gio Rojas,LHP,"Stoneman Douglas HS, Parkland, Fla",HS,FL,Miami commit; age 19.0,826061.0,16,14.38,14.0,4,25,21,7.28,5,17.0,14.0,4.0,25.0,8.0
p0014,Sawyer Strosnider,OF,TCU,College,TX,"Cincinnati, OH; 20.8 SO",820831.0,17,15.92,15.0,6,26,20,6.39,6,14.0,26.0,6.0,19.0,16.0
p0006,AJ Gracia,OF,Virginia,College,NJ,"New Brunswick, NJ; 21.5 JR",806088.0,18,16.49,16.0,3,27,24,7.91,6,15.0,27.0,9.0,22.0,17.0
p0025,Cole Carlon,LHP,Arizona State,College,AZ,age 21.1,814817.0,19,19.68,19.0,11,26,15,5.73,6,26.0,15.0,15.0,23.0,25.0
p0018,Trevor Condon,OF,Etowah,HS,GA,commitment: Tennessee; bat/throw: L/R,825891.0,20,21.56,16.0,8,46,38,13.42,5,16.0,12.0,8.0,46.0,22.0
p0021,Ace Reese,3B,Mississippi State,College,TX,"Plano, TX; 21.0 JR",814505.0,21,21.76,16.5,9,49,40,13.47,6,12.0,21.0,12.0,49.0,21.0
p0029,Hunter Dietz,LHP,Arkansas,College,FL,"Carmel, IN; 21.1 JR",806059.0,22,21.86,21.5,13,35,22,7.11,6,35.0,24.0,22.0,13.0,15.0
p0026,Cade Townsend,RHP,Mississippi,College,CA,B/T: R/R,807254.0,23,22.59,22.0,11,38,27,9.3,6,30.0,16.0,17.0,11.0,27.0
p0016,Eric Becker,SS,Virginia,College,NY,age 21.2,806027.0,24,24.65,23.0,6,49,43,14.75,6,49.0,33.0,20.0,6.0,26.0
p0040,Tegan Kuhns,RHP,Tennessee,College,PA,age 21.1,815158.0,25,25.24,25.0,18,34,16,5.22,6,22.0,18.0,26.0,30.0,24.0
p0033,Logan Reddemann,RHP,UCLA,College,CA,"hometown: Palmdale, CA; bat/throw: S/R",822298.0,26,26.38,26.5,15,36,21,6.85,6,36.0,23.0,25.0,15.0,28.0
p0041,Zion Rose,OF,Louisville,College,IL,age 21.1,805799.0,27,26.81,24.5,18,39,21,7.06,6,25.0,39.0,18.0,24.0,31.0
p0017,Bo Lowrance,3B,"Christ Church Episcopal (Greenville, SC)",HS,SC,Virginia commit; age 18.8,836574.0,28,27.25,22.0,7,45,38,13.54,5,45.0,22.0,7.0,20.0,38.0
p0027,Logan Schmidt,LHP,"Ganesha (Aliso Vieja, CA)",HS,CA,commit/drafted: LSU; age 17,835714.0,29,27.72,28.0,11,43,32,10.81,5,21.0,28.0,11.0,33.0,43.0
p0015,Brody Bumila,LHP,"Bishop Feehan HS, Attleboro, Mass",HS,MA,commit/drafted: Texas; age 18,837269.0,30,29.0,34.0,6,44,38,13.35,5,34.0,34.0,6.0,44.0,19.0
p0022,Carson Bolemon,LHP,"Southside Christian School (Simpsonville, SC)",HS,SC,Wake Forest commit; age 19.3,828789.0,31,30.22,29.0,9,42,33,12.24,5,42.0,41.0,9.0,29.0,23.0
p0045,Mason Edwards,LHP,USC,College,CA,age 21.0,821973.0,32,31.59,32.5,20,42,22,6.84,6,28.0,20.0,31.0,42.0,34.0
p0047,Chase Brunson,OF,TCU,College,CA,"Los Alamitos, CA; 20.8 JR",815313.0,33,33.35,29.5,21,46,25,9.23,6,46.0,31.0,21.0,28.0,44.0
p0042,Aiden Ruiz,SS,"The Stony Brook School (Long Island, NY)",HS,NY,commit/drafted: Vanderbilt; age 19,830855.0,34,34.06,36.0,18,44,26,8.54,5,32.0,44.0,18.0,36.0,36.0
p0036,Caden Sorrell,OF,Texas A&M,College,TX,"Flower Mound, TX; 21.1 JR",811294.0,35,34.89,26.5,16,63,47,15.97,6,23.0,45.0,24.0,63.0,29.0
p0024,Coleman Borthwick,RHP,"South Walton HS (Santa Rosa Beach, Fla.)",HS,FL,commitment: Auburn; bat/throw: R/R,826852.0,36,36.56,35.0,10,68,58,18.86,5,27.0,35.0,10.0,68.0,35.0
p0054,Aiden Robbins,OF,Texas,College,PA,B/T: R/R,828657.0,37,37.51,27.0,24,85,61,21.85,6,24.0,25.0,27.0,85.0,30.0
p0031,Cole Prosek,3B,"Magnolia Heights HS, Senatobia, Miss",HS,MS,B/T: L/R,828873.0,38,38.34,33.0,14,57,43,14.77,5,48.0,32.0,14.0,57.0,33.0
p0043,Chris Rembert,2B,Auburn,College,FL,B/T: R/R,807300.0,39,39.22,37.0,19,55,36,13.1,6,55.0,53.0,33.0,27.0,41.0
p0038,Tyler Spangler,SS,"De La Salle (Concord, Calif.)",HS,CA,commit/drafted: Stanford; age 18,828811.0,40,39.69,36.0,16,61,45,15.4,5,31.0,36.0,16.0,61.0,49.0
p0030,Archer Horn,SS,"St. Ignatius College Prep, San Francisco",HS,CA,commit/drafted: Stanford; age 18,835704.0,41,40.41,38.0,13,67,54,18.23,5,50.0,30.0,13.0,38.0,67.0
p0034,James Clark,SS,St. John Bosco,HS,CA,commitment: Duke; bat/throw: L/R,835434.0,42,42.03,47.0,15,53,38,13.89,5,51.0,38.0,15.0,47.0,53.0
p0072,Landon Thome,SS,Nazareth Academy,HS,IL,commit/drafted: Florida State; age 18,829542.0,43,42.56,37.0,32,57,25,10.3,5,57.0,51.0,32.0,32.0,37.0
p0039,Jensen Hirschkorn,RHP,Kingsburg HS (CA),HS,CA,commit/drafted: LSU; age 18,835708.0,44,42.56,46.5,17,54,37,14.4,4,43.0,54.0,17.0,,50.0
p0051,Jack Radel,RHP,Notre Dame,College,SD,B/T: R/R,806481.0,45,44.84,41.5,23,84,61,19.01,6,38.0,49.0,23.0,35.0,45.0
p0061,Ben Blair,RHP,Liberty,College,VA,B/T: R/R,835278.0,46,45.46,45.5,28,58,30,10.0,6,39.0,42.0,28.0,58.0,54.0
p0049,Kaden Waechter,RHP,"Jesuit HS (Tampa, Fla.)",HS,FL,commit/drafted: Florida State; age 18,826388.0,47,45.56,48.0,22,63,41,13.95,5,63.0,48.0,22.0,37.0,52.0
p0080,Andrew Williamson,OF,Central Florida,College,FL,"St Petersburg, FL; 20.8 JR",824713.0,48,45.93,47.0,37,55,18,5.93,5,47.0,43.0,37.0,,48.0
p0032,Logan Hughes,OF,Texas Tech,College,FL,"Winter Springs, FL; 21.0 JR",813314.0,49,46.76,45.5,14,74,60,18.69,6,44.0,74.0,14.0,56.0,47.0
p0044,Connor Comeau,SS,"Anderson (Austin, TX)",HS,TX,Texas A&M commit; age 17.9,828792.0,50,47.03,54.0,19,60,41,15.74,5,54.0,37.0,19.0,59.0,60.0
p0074,Will Brick,C,Christian Brothers HS (TN),HS,TN,commitment: Mississippi State; bat/throw: R/R,836364.0,51,47.03,45.0,34,62,28,9.6,5,62.0,40.0,34.0,45.0,51.0
p0028,Sean Duncan,LHP,Terry Fox HS (CAN),HS,BC,commitment: Vanderbilt; bat/throw: R/L,807078.0,52,47.84,58.0,12,69,57,23.1,5,67.0,58.0,12.0,26.0,69.0
p0069,Gavin Grahovac,1B,Texas A&M,College,CA,"hometown: Orange, CA; bat/throw: R/R",800606.0,53,47.92,41.0,31,70,39,15.15,6,64.0,70.0,43.0,39.0,32.0
p0037,Daniel Jackson,C,Georgia,College,GA,B/T: R/R,828714.0,54,50.7,48.0,16,82,66,21.5,6,37.0,57.0,16.0,82.0,39.0
p0048,Joseph Contreras,RHP,Blessed Trinity,HS,GA,commitment: Vanderbilt; bat/throw: S/R,828631.0,55,53.13,56.0,21,69,48,16.08,5,56.0,69.0,21.0,54.0,57.0
p0057,Jarren Advincula,2B,Georgia Tech,College,CA,"hometown: Santa Clara, CA; bat/throw: L/R",814181.0,56,54.03,37.5,25,118,93,31.98,6,33.0,118.0,29.0,60.0,42.0
p0064,Jake Brown,OF,LSU,College,LA,commit/drafted: Rangers ’23 (16); age 21,806701.0,57,54.14,53.5,29,81,52,16.28,6,81.0,52.0,62.0,41.0,55.0
p0083,Ty Head,OF,North Carolina State,College,FL,age 21,813935.0,58,54.22,52.0,38,72,34,11.38,5,52.0,47.0,38.0,72.0,58.0
p0089,Ethan Kleinschmit,LHP,Oregon State,College,OR,"hometown: Mount Angel, OR; bat/throw: L/L",826543.0,59,55.4,46.0,40,78,38,14.7,5,78.0,46.0,42.0,,64.0
p0055,Taj Marchand,SS,"James Island Charter (Charleston, SC)",HS,SC,commitment: Mississippi; bat/throw: R/R,837060.0,60,55.47,50.0,24,81,57,19.24,5,66.0,81.0,24.0,50.0,46.0
p0050,Joey Volchko,RHP,Georgia,College,CA,"Torrance, CA; 20.8 JR",811285.0,61,56.03,59.0,22,77,55,20.72,6,77.0,67.0,32.0,51.0,73.0
p0046,Blake Bowen,OF,JSerra,HS,CA,commit/drafted: Oregon State; age 18,828790.0,62,56.19,66.0,20,70,50,18.91,5,70.0,68.0,20.0,48.0,66.0
p0052,Carson Tinney,C,Texas,College,CO,B/T: R/R,806245.0,63,56.27,51.0,23,86,63,23.71,6,40.0,62.0,34.0,81.0,86.0
p0076,Wes Mendes,LHP,Florida State,College,FL,"hometown: Tampa, FL; bat/throw: R/L",803544.0,64,57.03,57.5,35,80,45,16.24,6,65.0,50.0,35.0,70.0,40.0
p0060,Blake Bryant,RHP,Citizens Christian HS (GA),HS,GA,commitment: Clemson; bat/throw: R/R,835682.0,65,60.06,52.0,27,110,83,28.28,5,41.0,110.0,27.0,52.0,61.0
p0085,Kaiden McCarthy,RHP,Vermont Academy HS (VT),HS,VT,commit/drafted: Tennessee; age 17,836680.0,66,64.32,67.5,39,78,39,15.7,4,76.0,59.0,39.0,,78.0
p0062,Rocco Maniscalco,SS,Oxford (Ala.) HS,HS,AL,commit/drafted: Mississippi State; age 17,836548.0,67,64.97,56.0,28,98,70,23.2,5,98.0,56.0,28.0,75.0,56.0
p0088,Cooper Harris,RHP,Flower Mound (Texas) HS,HS,TX,commit/drafted: Texas; age 18,835839.0,68,65.56,62.0,40,83,43,16.65,5,83.0,82.0,40.0,53.0,62.0
p0058,Jace Mataczynski,SS,"Hudson (Hudson, WI)",HS,WI,Auburn commit; age 18.3,,69,66.63,64.0,25,99,74,30.23,3,99.0,64.0,25.0,,
p0090,Brett Renfrow,RHP,Virginia Tech,College,VA,B/T: R/R,814530.0,70,67.49,63.5,40,119,79,26.8,6,68.0,76.0,40.0,40.0,119.0
p0075,Jacob Dudan,RHP,North Carolina State,College,NC,B/T: L/R,822705.0,71,67.66,70.0,34,88,54,18.23,5,88.0,78.0,69.0,34.0,70.0
p0086,Jack Natili,C,Cincinnati,College,PA,B/T: R/R,814385.0,72,68.67,71.0,39,88,49,18.49,5,58.0,71.0,39.0,,87.0
p0167,Richie Roman,RHP,Houston,College,TX,"Corpus Christi, TX; 20.8 JR",,73,69.0,69.0,69,69,0,0.0,1,,,,,
p0035,Gabe Gaeckle,RHP,Arkansas,College,CA,B/T: R/R,806076.0,74,69.7,82.0,15,98,83,33.7,5,82.0,98.0,36.0,,96.0
p0116,Savion Sims,RHP,Prestonwood Christian HS (TX),HS,TX,commit/drafted: Oklahoma; age 19,828727.0,75,73.72,73.0,51,99,48,16.6,5,60.0,99.0,51.0,73.0,80.0
p0148,Ruger Riojas,RHP,Texas,College,TX,B/T: R/R,823162.0,76,74.13,77.0,63,86,23,8.61,5,86.0,65.0,63.0,,77.0
p0070,Cole Koeninger,SS,Keller,HS,TX,Tennessee commit; age 18.9,828579.0,77,74.41,77.0,31,98,67,22.47,5,73.0,84.0,31.0,77.0,98.0
p0053,Luke Williams,SS,"Franklin Regional HS, Murrysville, Penn",HS,PA,commitment: Vanderbilt; bat/throw: R/R,828816.0,78,74.48,81.5,23,101,78,31.24,4,97.0,66.0,23.0,,101.0
p0182,Gunner Skelton,"2B,3B","Columbia Academy (Columbia, TN)",HS,,commitment: Vanderbilt; bat/throw: R/R,,79,75.0,75.0,75,75,0,0.0,1,,,75.0,,
p0183,Tristan Bissetta,OF,Ole Miss,College,SC,"Greenville, SC; 22.9 SR",,80,75.0,75.0,75,75,0,0.0,1,,,,,
p0144,Will Gasparino,OF,UCLA,College,CA,age 21,800605.0,81,75.22,71.0,62,88,26,9.79,5,71.0,88.0,,62.0,85.0
p0097,Will Adams,OF,Hoover HS (AL),HS,AL,LSU commit; age 18.3,828732.0,82,77.0,87.0,43,103,60,22.82,5,87.0,91.0,43.0,55.0,103.0
p0067,Mulivai Levu,1B,UCLA,College,CA,"Huntington Beach, CA; 21.7 JR",823050.0,83,77.11,79.0,30,128,98,31.19,6,79.0,128.0,44.0,80.0,79.0
p0077,Tre Broussard,OF,Houston,College,TX,"hometown: Houston, TX; bat/throw: L/L",821507.0,84,77.32,66.5,35,135,100,32.13,6,53.0,135.0,58.0,90.0,75.0
p0124,Beau Peterson,3B,"Mill Valley High School (Shawnee, Kan.)",HS,KS,commit/drafted: Texas; age 18,828679.0,85,77.47,61.0,54,118,64,23.92,5,118.0,61.0,54.0,86.0,59.0
p0066,Noah Wilson,OF,"McCallie HS, Chattanooga, Tenn",HS,TN,commit/drafted: Vanderbilt; age 19,828992.0,86,77.94,94.0,29,100,71,27.56,5,59.0,96.0,29.0,100.0,94.0
p0065,Taylor Rabe,RHP,Mississippi,College,SC,"hometown: Greenville, SC; bat/throw: R/R",815040.0,87,78.28,60.0,29,152,123,50.73,4,29.0,152.0,30.0,,90.0
p0141,Ryan Peterson,RHP,Sam Houston State,College,TX,"hometown: Shiner, TX; bat/throw: R/R",831713.0,88,79.63,81.0,61,87,26,9.13,5,84.0,80.0,61.0,87.0,81.0
p0152,Myles Bailey,1B,Florida State,College,FL,"hometown: Tallahassee, FL; bat/throw: L/R",815343.0,89,79.7,75.0,64,94,30,10.91,5,94.0,75.0,64.0,,88.0
p0138,Dee Kennedy,SS,Kansas State,College,TX,"Fort Worth, TX; 21.0 JR",806131.0,90,79.97,77.0,60,93,33,12.39,5,91.0,,60.0,93.0,71.0
p0149,Will Yow,SS,St. Anne's Belfield HS (VA),HS,VA,Virginia commit; age 18.6,837267.0,91,81.0,82.5,63,102,39,19.5,2,,63.0,,,102.0
p0126,Eric Guevara,3B,Auburn,College,,age 21,,92,82.0,78.0,54,102,48,24.0,2,102.0,,54.0,,
p0096,Ryan Lynch,RHP,North Carolina,College,NJ,age 21.1,827359.0,93,82.62,91.5,43,107,64,25.18,6,92.0,107.0,46.0,91.0,97.0
p0114,Carter Beck,OF,Indiana State,College,SK,"hometown: Carnduff, SK; bat/throw: L/R",,94,83.16,69.0,50,121,71,30.01,3,69.0,121.0,50.0,,
p0099,Gavin Giese,RHP,Dana Hills,HS,CA,commitment: San Diego; bat/throw: R/R,840025.0,95,84.36,81.0,44,118,74,37.0,2,,,44.0,,118.0
p0081,Kollin Ritchie,OF,Oklahoma State,College,OK,age 21.8,806507.0,96,86.0,92.0,37,113,76,27.75,6,106.0,113.0,53.0,95.0,89.0
p0119,Jake Schaffner,SS,North Carolina,College,WI,"hometown: Janesville, WI; bat/throw: L/R",835279.0,97,86.0,91.0,52,103,51,17.9,5,96.0,103.0,52.0,79.0,91.0
p0084,Ethan Wachsmann,RHP,"Grandview HS, Aurora, Colo",HS,CO,Wake Forest commit; age 18.1,840028.0,98,86.94,82.0,38,122,84,30.57,5,112.0,122.0,38.0,66.0,82.0
p0133,Bo Holloway,LHP,"Christ Presbyterian (Nashville, Tenn.)",HS,TN,commitment: Vanderbilt; bat/throw: L/L,828800.0,99,87.25,76.0,57,145,88,30.71,5,145.0,72.0,57.0,76.0,76.0
p0093,Owen Hull,OF,North Carolina,College,VA,B/T: L/R,833382.0,100,87.78,61.0,41,158,117,51.1,3,61.0,,41.0,,158.0
p0137,Eli Herst,RHP,"Seattle Academy (Seattle, WA)",HS,,commitment: Vanderbilt; bat/throw: R/R,,101,88.92,84.5,58,111,53,26.5,2,111.0,,58.0,,
p0212,Kuhio Aloy,OF,Arkansas,College,HI,"Wailuku, HI; 20.8 JR",,102,89.0,89.0,89,89,0,0.0,1,,,,,
p0102,Jason DeCaro,RHP,North Carolina,College,NY,B/T: R/R,811311.0,103,89.41,89.5,45,125,80,31.27,6,85.0,120.0,45.0,94.0,125.0
p0159,Caden Bogenpohl,OF,Missouri State,College,MO,"hometown: Jackson, MO; bat/throw: L/R",806470.0,104,89.44,93.0,66,110,44,15.03,5,110.0,94.0,66.0,78.0,93.0
p0107,Evan Dempsey,RHP,Florida Gulf Coast,College,FL,"Tampa, FL; 20.8 JR",805632.0,105,90.47,80.0,47,132,85,27.95,5,80.0,132.0,47.0,,100.0
p0189,Shane Sdao,LHP,Texas A&M,College,TX,age 22,805658.0,106,91.19,92.0,79,97,18,6.28,5,90.0,97.0,79.0,92.0,95.0
p0161,Cal Randall,RHP,UCLA,College,CA,"hometown: Discovery Bay, CA; bat/throw: R/R",,107,91.41,80.0,67,117,50,21.18,3,117.0,,80.0,,
p0063,Daniel Cuvet,3B,Miami,College,FL,commit/drafted: Pirates ’23 (17); age 21,804562.0,108,91.46,91.5,28,134,106,34.0,6,95.0,134.0,67.0,88.0,115.0
p0156,Hudson DeVaughan,RHP,Mooresville (Ind.) HS,HS,IN,commit/drafted: Alabama; age 19,840026.0,109,91.48,93.0,65,110,45,18.94,4,107.0,79.0,65.0,,110.0
p0071,Roman Martin,3B,UCLA,College,CA,"Whittier, CA; 21.6 JR",800610.0,110,91.68,95.5,31,124,93,31.71,6,123.0,105.0,81.0,31.0,124.0
p0094,Kevin Roberts Jr.,OF,"Jackson Preparatory (Meridian, MS)",HS,MS,Florida commit; age 18.0,828809.0,111,91.76,94.0,42,128,86,30.74,4,93.0,95.0,42.0,,128.0
p0113,Malachi Washington,OF,Parkview,HS,GA,commit/drafted: LSU; age 18,812506.0,112,92.08,97.0,50,115,65,26.05,4,115.0,83.0,50.0,,111.0
p0178,Peyton Bonds,OF,Rutgers,College,NJ,B/T: R/R,835227.0,113,92.27,93.0,74,109,35,11.94,5,109.0,93.0,84.0,,74.0
p0130,Brendan Brock,C,Oklahoma,College,IL,B/T: R/R,833392.0,114,92.47,95.0,56,109,53,19.34,5,108.0,87.0,56.0,,109.0
p0104,Ethan Bass,SS,Glenbrook North,HS,IL,commitment: Wake Forest; bat/throw: R/R,828983.0,115,93.28,85.0,46,140,94,35.57,4,140.0,102.0,46.0,,68.0
p0171,Keon Johnson,SS,"First Presbyterian Day HS, Macon, Ga",HS,GA,commitment: Vanderbilt; bat/throw: R/R,828801.0,116,93.92,93.5,71,114,43,21.01,4,114.0,73.0,71.0,,114.0
p0162,Denton Lord,RHP,"South Walton (Santa Rosa Beach, FL)",HS,FL,commitment: Mississippi State; bat/throw: R/R,833685.0,117,94.72,80.5,68,139,71,28.26,4,139.0,89.0,68.0,,72.0
p0118,Ethan Norby,LHP,East Carolina,College,NC,B/T: R/L,825275.0,118,94.76,78.5,51,164,113,39.96,6,128.0,60.0,74.0,83.0,164.0
p0106,Cooper Sides,RHP,Orange Lutheran,HS,CA,commit/drafted: LSU; age 18,835795.0,119,95.44,99.0,47,127,80,33.15,3,127.0,,47.0,,99.0
p0127,Sean Dunlap,C,Crown Point,HS,IN,commitment: Tennessee; bat/throw: R/R,828985.0,120,95.52,85.5,55,148,93,38.68,4,148.0,55.0,59.0,,112.0
p0134,Kyle Jones,OF,Florida,College,GA,age 21,812807.0,121,95.94,74.0,57,143,86,33.89,5,72.0,143.0,57.0,74.0,127.0
p0157,Camden Kozeal,SS,Arkansas,College,NE,"hometown: Omaha, NE; bat/throw: L/R",806498.0,122,97.04,90.5,65,132,67,26.12,4,105.0,,76.0,,132.0
p0117,Tyson LeBlanc,SS,Kansas,College,LA,"hometown: Maurice, LA; bat/throw: R/R",840371.0,123,97.56,103.0,51,130,79,32.79,3,103.0,,51.0,,130.0
p0145,Wilson Andersen,RHP,"Jesuit HS (Tampa, Fla.)",HS,FL,commitment: Mississippi State; bat/throw: R/R,813397.0,124,98.41,108.0,62,138,76,28.45,5,138.0,108.0,62.0,67.0,108.0
p0235,Beau Bryans,LHP,Jacksonville State,College,MS,"Madison, MS; 22.5 SR",,125,99.0,99.0,99,99,0,0.0,1,,,,,
p0179,Tre Phelps,3B,Georgia,College,GA,age 22,804569.0,126,100.7,99.0,74,120,46,20.25,4,120.0,,82.0,,116.0
p0128,Carson Kerce,SS,Georgia Tech,College,GA,age 21.7,812668.0,127,100.75,109.0,55,131,76,26.74,5,116.0,109.0,55.0,84.0,131.0
p0170,Carson Wiggins,RHP,Arkansas,College,OK,age 21.0,815164.0,128,101.06,84.0,71,145,74,28.32,5,119.0,145.0,77.0,71.0,84.0
p0092,Trey Beard,LHP,Florida State,College,FL,"hometown: Dunedin, FL; bat/throw: L/L",804295.0,129,101.16,111.0,41,129,88,33.83,6,129.0,126.0,65.0,96.0,126.0
p0068,Trey Ebel,SS,"Corona (Rancho Cucamonga, CA)",HS,CA,commitment: Texas A&M; bat/throw: R/R,821931.0,130,102.0,108.5,30,142,112,41.29,4,142.0,104.0,30.0,,113.0
p0108,Tommy LaPour,RHP,TCU,College,MO,B/T: R/R,815080.0,131,103.33,91.0,47,152,105,39.67,5,74.0,140.0,91.0,,152.0
p0056,Henry Ford,3B,Tennessee,College,VA,"hometown: Charlottesville, VA; bat/throw: R/R",814822.0,132,104.1,111.0,24,145,121,46.05,5,143.0,111.0,71.0,,145.0
p0160,Matt Ponatoski,RHP,"Archbishop Moeller HS, Cincinnati, Ohio",HS,OH,Kentucky commit; age 18.4,,133,104.32,90.0,66,146,80,33.52,3,146.0,90.0,66.0,,
p0136,Nathan Taylor,RHP,Cincinnati,College,OH,"hometown: Amelia, OH; bat/throw: L/R",,134,104.59,96.0,58,144,86,35.19,3,144.0,,96.0,,
p0202,Ryan Marohn,LHP,North Carolina State,College,VA,commit/drafted: Guardians ’23 (20); age 21,811317.0,135,105.0,89.0,85,147,62,28.33,3,89.0,85.0,,,147.0
p0125,Kade Lewis,3B,Wake Forest,College,MN,"Sartell, MN; 20.9 JR",832392.0,136,105.5,104.0,54,149,95,31.35,5,149.0,114.0,86.0,,104.0
p0098,Kyle Johnson,LHP,Virginia,College,VA,age 21,702973.0,137,106.0,133.0,43,148,105,46.37,3,133.0,,,43.0,148.0
p0105,Gavin Gallaher,2B,North Carolina,College,NC,"Apex, NC; 20.7 JR",703555.0,138,106.13,81.5,46,198,152,59.59,4,104.0,,59.0,,198.0
p0169,Tyler Fay,RHP,Alabama,College,NE,age 22,,139,106.17,101.0,70,132,62,31.0,2,132.0,,70.0,,
p0122,Julian Garcia,RHP,"St. John Bosco HS, Bellflower, Calif",HS,CA,commitment: Long Beach State; bat/throw: R/R,838190.0,140,106.61,117.0,53,136,83,35.51,3,136.0,,53.0,,117.0
p0091,Jack Slightom,RHP,Lyons Township,HS,IL,Cincinnati commit; age 18.2,840030.0,141,107.0,107.5,41,151,110,40.81,4,151.0,123.0,41.0,,92.0
p0082,Dominic Santarelli,1B,"St. Joseph’s (Pleasant Prarire, WI)",HS,WI,commit/drafted: LSU; age 18,835674.0,142,107.28,117.5,37,141,104,41.33,4,141.0,100.0,37.0,,135.0
p0120,Jaxon Willits,SS,Oklahoma,College,OK,"Fort Cobb, OK; 21.5 JR",806261.0,143,108.17,109.0,52,146,94,37.03,4,131.0,,87.0,,146.0
p0121,Bryce Hill,RHP,"Greenwich Country Day (Greenwich, CT)",HS,CT,Stanford commit; age 18.3,835612.0,144,108.68,109.5,52,154,102,36.83,4,100.0,119.0,52.0,,154.0
p0164,Garrett Wright,OF,Tennessee,College,OH,"hometown: Massillon, OH; bat/throw: R/R",835226.0,145,110.72,75.0,68,188,120,54.99,3,75.0,,68.0,,188.0
p0131,Elliot Lascelles,SS,"Upper Canada College HS, Toronto, Ont",HS,ON,commitment: Yale; bat/throw: L/R,828900.0,146,111.17,113.0,56,155,99,40.57,3,113.0,,56.0,,155.0
p0219,Gannon Grant,RHP,"Center Grove (Greenwood, IN)",HS,,commit/drafted: Tennessee; age 19,,147,111.25,108.5,92,125,33,16.5,2,125.0,,92.0,,
p0142,Gary Morse,RHP,Orange Lutheran,HS,CA,commit/drafted: Tennessee; age 19,828988.0,148,112.0,114.5,61,147,86,34.72,4,147.0,92.0,61.0,,137.0
p0143,Eric Segura,RHP,Oregon State,College,CA,"hometown: Soledad, CA; bat/throw: R/R",,149,112.41,93.0,61,163,102,42.59,3,163.0,,93.0,,
p0188,Maxx Yehl,LHP,West Virginia,College,NY,"Portville, NY; 21.9 RJR",,150,113.38,107.5,78,144,66,26.15,4,124.0,144.0,78.0,,
p0150,Lucas Nawrocki,LHP,"Aledo (Aledo, TX)",HS,TX,commit/drafted: LSU; age 18,835861.0,151,114.92,118.0,63,151,88,31.67,4,121.0,115.0,63.0,,151.0
p0139,Trey Rangel,RHP,The Colony (Texas) HS,HS,TX,commit/drafted: Texas; age 19,835713.0,152,116.67,126.0,60,153,93,39.06,3,126.0,,60.0,,153.0
p0115,Tate McKee,RHP,Georgia Tech,College,GA,age 21,,153,117.08,107.5,50,165,115,57.5,2,165.0,,,,
p0165,Tyler Putnam,RHP,"Battle HS, Columbia, Mo",HS,MO,commitment: Tennessee; bat/throw: R/R,836577.0,154,117.24,107.5,69,177,108,43.23,4,177.0,,81.0,69.0,134.0
p0095,Lucas Moore,OF,Louisville,College,OH,"Hamilton, OH; 21.0 JR",,155,117.25,106.5,42,171,129,64.5,2,171.0,,,,
p0158,Dawson Montesa,RHP,West Virginia,College,,B/T: R/R,840223.0,156,118.35,130.0,65,167,102,42.16,3,130.0,,,65.0,167.0
p0079,Martin Shelar,OF,Marist,HS,GA,commitment: Mississippi State; bat/throw: R/R,835678.0,157,121.78,122.0,36,193,157,64.19,3,122.0,,36.0,,193.0
p0192,Alex Hernandez,OF,Georgia Tech,College,GA,"Cumming, GA; 20.8 SO",815415.0,158,122.0,135.0,81,143,62,24.19,5,135.0,136.0,100.0,,143.0
p0101,Dylan Bowen,SS,Hanover Central,HS,IN,commit/drafted: Oklahoma State; age 19,835728.0,159,122.12,127.5,45,164,119,46.43,4,164.0,150.0,45.0,,105.0
p0186,Anthony Murphy,OF,Corona,HS,CA,commitment: Louisiana State; bat/throw: R/R,821939.0,160,125.36,126.5,77,155,78,31.28,4,155.0,146.0,77.0,,107.0
p0155,Carson Bailey,LHP,McLennan JC (TX),College,TX,Uncommitted; age 21.4,826053.0,161,125.9,77.0,65,227,162,73.7,3,227.0,77.0,,,65.0
p0112,Jake Carbaugh,RHP,Plant City HS (FL),HS,FL,commitment: Mississippi State; bat/throw: R/R,,162,126.0,127.0,49,180,131,53.8,3,180.0,127.0,49.0,,
p0123,LJ Mercurius,RHP,Oklahoma,College,NV,age 21,702969.0,163,126.04,128.0,53,172,119,48.73,4,161.0,,95.0,,172.0
p0185,Aidan Knaak,RHP,Clemson,College,FL,"Fort Myers, FL; 21.6 JR",,164,127.15,109.0,76,200,124,48.29,4,200.0,129.0,,89.0,
p0201,Dalton Wentz,3B,Wake Forest,College,VA,"Madison Heights, VA; 20.7 SO",807275.0,165,128.06,138.0,85,167,82,30.15,5,167.0,138.0,,98.0,142.0
p0109,Cameron Johnson,LHP,Oklahoma,College,TX,commit/drafted: Cardinals ’23 (20); age 21,825128.0,166,128.68,132.5,48,184,136,54.23,4,184.0,,48.0,99.0,166.0
p0233,Kolby Stringer,RHP,West Marion HS (MS),HS,MS,LSU commit; age 18.3,840217.0,167,128.68,122.0,99,162,63,22.72,4,162.0,124.0,99.0,,120.0
p0073,Alex Weingartner,OF,"St. Augustine Preparatory (Berlin, NJ)",HS,NJ,Penn State commit; age 18.5,836659.0,168,130.0,128.5,33,206,173,64.34,4,206.0,101.0,33.0,,156.0
p0209,Nathaneal Davis,OF,Bishop Moore HS (FL),HS,FL,commit/drafted: LSU; age 18,,169,131.84,125.0,88,170,82,33.53,3,170.0,125.0,88.0,,
p0173,Ryan Cooney,2B,Oregon,College,OR,age 21,807721.0,170,132.0,133.0,72,174,102,41.91,3,174.0,,72.0,,133.0
p0225,Jaxon Jelkin,RHP,Kentucky,College,NE,B/T: R/R,801210.0,171,132.0,129.0,96,162,66,33.0,2,,,,,162.0
p0110,James Tronstein,OF,Harvard-Westlake,HS,CA,Stanford commit; age 18.3,828814.0,172,133.32,148.5,48,169,121,48.82,4,166.0,131.0,48.0,,169.0
p0239,Calvin Proskey,RHP,UC Santa Barbara,,,age 21,,173,134.0,134.0,134,134,0,0.0,1,134.0,,,,
p0184,Andruw Giles,OF,"Basic HS, Henderson, Nev",HS,,commit/drafted: Oregon; age 18,,174,134.33,126.0,76,176,100,50.0,2,176.0,,76.0,,
p0197,Deiten LaChance,C,Oklahoma,College,QC,"hometown: Sherbrook, QC; bat/throw: R/R",,175,134.92,127.5,83,172,89,44.5,2,172.0,,83.0,,
p0187,Jason Amalbert,SS,"DePaul Catholic HS, Wayne, N.J",HS,NJ,commit/drafted: Oklahoma; age 18,828734.0,176,135.44,157.0,78,158,80,37.48,3,158.0,,78.0,,157.0
p0214,Alex Conover,OF,Oklahoma State,College,OK,"hometown: Tuttle, OK; bat/throw: L/R",,177,135.5,129.0,90,168,78,39.0,2,168.0,,90.0,,
p0078,Jack Brenner,C,"Fond Du Lac (Fond Du Lac, WI)",HS,,commit/drafted: Oklahoma; age 18,,178,136.5,122.0,35,209,174,87.0,2,209.0,,35.0,,
p0234,Jake McCoy,LHP,South Carolina,College,SC,"hometown: Fort Mill, SC; bat/throw: L/L",811690.0,179,136.61,150.0,99,152,53,24.53,3,152.0,,99.0,,150.0
p0175,Carson Jasa,RHP,Nebraska,College,CO,age 21,814215.0,180,137.17,154.0,73,171,98,42.76,3,154.0,,73.0,,171.0
p0222,Brady Harris,OF,Trinity Christian,HS,FL,B/T: R/R,826207.0,181,137.78,150.0,94,160,66,29.04,3,150.0,,94.0,,160.0
p0240,Nathaneal Davis-Cleary,OF,Bishop Moore,HS,FL,B/T: L/L,835875.0,182,138.0,138.0,138,138,0,0.0,1,,,,,138.0
p0210,Brayden Dowd,OF,Florida State,College,MI,age 20.9,804053.0,183,139.56,141.0,89,178,89,40.21,4,178.0,106.0,89.0,,176.0
p0111,Caden Ferraro,OF,Texas Tech,College,TX,age 21,821299.0,184,139.72,151.0,49,189,140,53.55,4,169.0,133.0,49.0,,189.0
p0174,James Jorgensen,RHP,Jesuit HS (TX),HS,TX,commit/drafted: Texas; age 18,828802.0,185,139.96,141.0,72,190,118,45.32,4,190.0,117.0,72.0,,165.0
p0151,Dominic Voegele,RHP,Kansas,College,IL,commit/drafted: D-Backs (20) ’23; age 21,,186,140.58,129.5,63,196,133,66.5,2,196.0,,,,
p0217,Russell Sandefer,RHP,Florida,College,FL,age 21,824531.0,187,141.48,134.5,92,182,90,42.83,4,182.0,,92.0,,175.0
p0227,Steele Murdock,RHP,UC San Diego,College,UT,age 21.3,835217.0,188,142.48,133.0,97,193,96,34.53,4,193.0,130.0,97.0,,136.0
p0228,Robbie Lavey,C,George Washington,College,,age 20.8,835215.0,189,143.48,148.5,97,186,89,32.1,4,156.0,141.0,,97.0,186.0
p0218,Duncan Marsten,RHP,Wake Forest,College,CA,age 21.0,824024.0,190,144.0,142.0,92,192,100,35.53,4,137.0,147.0,,,192.0
p0147,Landon Brown,RHP,"Iowa Colony HS, Rosharon, Tex",HS,TX,commit/drafted: Mississippi State; age 18,828884.0,191,145.28,65.5,63,353,290,124.86,4,353.0,,67.0,64.0,63.0
p0208,Rylan Lujo,OF,Georgia,College,FL,age 21,803863.0,192,147.83,157.0,88,187,99,41.45,3,157.0,,88.0,,187.0
p0140,Braden Holcomb,OF,Vanderbilt,College,FL,"Orlando, FL; 21.5 JR",,193,148.08,135.5,60,211,151,75.5,2,211.0,,,,
p0132,Owen Kramkowski,RHP,Arizona,College,AZ,"Sahuarita, AZ; 20.8 JR",822648.0,194,152.89,174.0,56,204,148,63.88,3,204.0,,,,174.0
p0204,Deven Sheerin,RHP,LSU,College,,B/T: R/R,828822.0,195,152.9,141.0,86,230,144,59.33,3,230.0,86.0,,,141.0
p0223,John Abraham,RHP,Florida State,College,FL,age 21,,196,152.92,144.5,94,195,101,50.5,2,195.0,,94.0,,
p0246,Rintaro Sasaki,1B,Stanford,,,age 21.2,,197,153.0,153.0,153,153,0,0.0,1,,153.0,,,
p0247,Chase Kiker,RHP,"Metrolina Christian Academy, Indian Trail, N.C",HS,,commit/drafted: Clemson; age 18,,198,153.0,153.0,153,153,0,0.0,1,153.0,,,,
p0221,Dylan Vigue,RHP,Georgia,College,MA,age 22,815068.0,199,154.39,160.0,93,199,106,43.77,3,160.0,,,,199.0
p0190,Cooper Webb,RHP,"Lake Travis (Spicewood, TX)",HS,,commit/drafted: Texas; age 18,,200,155.42,144.5,79,210,131,65.5,2,210.0,,79.0,,
p0195,Shawn Sullivan,RHP,"Walsh Jesuit HS, Cuyahoga Falls, Ohio",HS,OH,B/T: R/R,835765.0,201,156.77,151.5,83,220,137,68.5,2,220.0,,,,83.0
p0146,Maddox Molony,SS,Oregon,College,OR,age 21,814829.0,202,158.36,144.5,62,257,195,72.22,4,257.0,116.0,,,173.0
p0250,Wyatt Clatur,RHP,Nolensville (Tenn.) HS,HS,,commit/drafted: Virginia; age 18,,203,159.0,159.0,159,159,0,0.0,1,159.0,,,,
p0087,Brady Ballinger,1B,Kansas,College,NV,"Henderson, NV; 20.9 JR",,204,159.17,142.0,39,245,206,103.0,2,245.0,,,,
p0100,Blake Morningstar,RHP,Wake Forest,College,PA,"Wyalusing, PA; 21.1 JR",,205,159.5,143.0,44,242,198,99.0,2,242.0,,,,
p0205,Ryan Harwood,OF,"Casteel (Chandler, AZ)",HS,,commit/drafted: Texas A&M; age 18,,206,159.5,149.0,86,212,126,63.0,2,212.0,,86.0,,
p0231,Trevor Hansen,RHP,UC Irvine,College,CA,age 21,814145.0,207,160.5,177.0,98,191,93,40.94,3,191.0,,98.0,,177.0
p0216,CJ Weinstein,"2B,SS","Orange Lutheran (Newport Beach, CA)",HS,CA,commitment: Louisiana State; bat/throw: L/R,828815.0,208,162.83,149.0,91,226,135,55.3,3,226.0,,91.0,,149.0
p0193,Coleton Brady,RHP,"TXNL Academy (North Collins, NY)",HS,FL,UCF commit; age 17.8,835808.0,209,163.56,157.5,82,236,154,56.35,4,236.0,137.0,82.0,,178.0
p0168,AJ Rice,RHP,"Pickens County (Jasper, GA)",HS,GA,commitment: Auburn; bat/throw: R/R,840029.0,210,165.56,121.0,70,272,202,85.77,3,272.0,,70.0,,121.0
p0103,Nathan Aceves,RHP,UC Santa Barbara,College,CA,"Huntington Beach, CA; 20.8 SO",,211,166.92,149.5,45,254,209,104.5,2,254.0,,,,
p0229,Wessley Roberson,OF,"Glynn Academy (Brunswick, GA)",HS,,commitment: Louisiana State; bat/throw: L/R,,212,167.0,157.0,97,217,120,60.0,2,217.0,,97.0,,
p0220,Jack Dugan,SS,Lipscomb Academy,HS,TN,commitment: Tennessee; bat/throw: L/R,835830.0,213,167.8,127.5,93,293,200,79.4,4,293.0,149.0,93.0,,106.0
p0163,Ethan McElvain,LHP,Arkansas,College,TN,age 21,806155.0,214,169.39,140.0,68,267,199,82.27,3,267.0,,,,140.0
p0252,Jacob Madrid,C,Notre Dame,HS,CA,B/T: R/R,835436.0,215,170.0,170.0,170,170,0,0.0,1,,,,,170.0
p0232,Alain Gómez-Gudiño,C,"Saguaro HS, Scottsdale, Ariz",HS,,commitment: South Carolina; bat/throw: S/R,,216,171.5,161.0,98,224,126,63.0,2,224.0,,98.0,,
p0172,Macon Winslow,C,North Carolina,College,NC,"Hertford, NC; 21.2 JR",,217,171.92,157.5,71,244,173,86.5,2,244.0,,,,
p0253,Eric Nachtsheim,RHP,McNeese State,,,age 22,,218,173.0,173.0,173,173,0,0.0,1,173.0,,,,
p0206,Grayson Willoughby,RHP,Trinity,HS,KY,B/T: L/R,835701.0,219,173.44,197.0,87,215,128,56.58,3,215.0,,87.0,,197.0
p0135,Ricky Ojeda,LHP,UC Irvine,College,CA,"Valencia, CA; 20.5 JR",,220,174.25,157.5,57,258,201,100.5,2,258.0,,,,
p0129,Brady Snow,RHP,"American Heritage (North Palm Beach, FL)",HS,FL,B/T: R/R,835796.0,221,174.72,168.0,55,266,211,86.21,3,266.0,,55.0,,168.0
p0254,Cole Tryba,LHP,UC Santa Barbara,,,age 21,,222,175.0,175.0,175,175,0,0.0,1,175.0,,,,
p0166,Noah Danza,SS,"Gloucester Catholic (Turnersville, NJ)",HS,NJ,commitment: Mississippi State; bat/throw: R/R,,223,175.11,112.0,69,314,245,106.81,3,314.0,112.0,69.0,,
p0241,Luke McNeillie,RHP,Florida,College,GA,B/T: L/R,703667.0,224,176.0,183.0,139,207,68,28.16,3,207.0,139.0,,,183.0
p0200,Logan Georges,RHP,Clovis,HS,CA,commit/drafted: TCU; age 19,835751.0,225,176.28,122.0,85,288,203,88.28,3,288.0,,85.0,,122.0
p0256,Michael Addari,RHP,Illinois State,,,age 22,,226,179.0,179.0,179,179,0,0.0,1,179.0,,,,
p0191,Cody Boshell,1B,Bishop Snyder HS (FL),HS,FL,Tennessee commit; age 19.2,,227,179.47,155.0,80,275,195,80.31,3,275.0,155.0,80.0,,
p0258,Michael Harpster,RHP,East Tennessee State,,,,,228,181.0,181.0,181,181,0,0.0,1,181.0,,,,
p0059,Robert Omidi,3B,"St. Martin (Mississauga, ON)",HS,,commitment: Kentucky; bat/throw: L/R,,229,182.33,160.0,26,294,268,134.0,2,294.0,,26.0,,
p0260,Grant Govel,RHP,Southern California,,,,,230,183.0,183.0,183,183,0,0.0,1,183.0,,,,
p0263,Sherman Johnson,3B,NC State,,,age 21,,231,185.0,185.0,185,185,0,0.0,1,185.0,,,,
p0264,Matthew Thomas,OF,Cal State Northridge,,,age 20,,232,186.0,186.0,186,186,0,0.0,1,186.0,,,,
p0265,Erik Paulsen,1B,North Carolina,,,age 21,,233,187.0,187.0,187,187,0,0.0,1,187.0,,,,
p0213,Alex Sosa,C,Miami,College,FL,B/T: L/R,806227.0,234,187.56,161.0,90,280,190,78.39,3,280.0,,,,161.0
p0266,Kenny Ishikawa,LHP,Georgia,,,age 22,,235,188.0,188.0,188,188,0,0.0,1,188.0,,,,
p0267,Thomas Burns,RHP,Texas,,,age 21,,236,189.0,189.0,189,189,0,0.0,1,189.0,,,,
p0269,Cody New,LHP,California Baptist,,,age 21,,237,192.0,192.0,192,192,0,0.0,1,192.0,,,,
p0268,Cal Scolari,RHP,Oregon,College,,age 22,822302.0,238,192.62,192.5,191,194,3,1.5,2,194.0,,,,191.0
p0251,Isaac Morton,RHP,Minnesota,College,MN,commit/drafted: Brewers ’23 (19); age 21,814819.0,239,193.15,191.0,163,219,56,28.0,2,219.0,,,,163.0
p0211,Griffin Long,RHP,"Sonoraville HS, Calhoun, Ga",HS,,commitment: Kennesaw State; bat/throw: R/R,,240,194.58,179.5,89,270,181,90.5,2,270.0,,89.0,,
p0243,Joe Tiroly,2B,Virginia,College,,age 21,840332.0,241,194.62,191.0,144,238,94,47.0,2,238.0,,,,144.0
p0271,Josh McDevitt,RHP,Missouri,,,age 22,,242,197.0,197.0,197,197,0,0.0,1,197.0,,,,
p0248,Chris McHugh,1B,NC State,,,age 21.0,,243,197.5,197.5,154,241,87,43.5,2,241.0,154.0,,,
p0272,Hudson Calhoun,RHP,Ole Miss,,,age 21,,244,198.0,198.0,198,198,0,0.0,1,198.0,,,,
p0273,Ethan Sutton,RHP,South Florida,,,age 21,,245,199.0,199.0,199,199,0,0.0,1,199.0,,,,
p0275,Bo Rhudy,RHP,Tennessee,,,age 21,,246,201.0,201.0,201,201,0,0.0,1,201.0,,,,
p0276,Alex Harrington,SS,"Cathedral Catholic HS, San Diego",HS,,commit/drafted: Stanford; age 19,,247,202.0,202.0,202,202,0,0.0,1,202.0,,,,
p0277,Ryan Novak,OF,Miami (Ohio),,,age 21,,248,203.0,203.0,203,203,0,0.0,1,203.0,,,,
p0278,Ryan Piech,RHP,Xavier,,,age 20,,249,205.0,205.0,205,205,0,0.0,1,205.0,,,,
p0203,Ty Horn,RHP,Nebraska,College,KS,"hometown: Halstead, KS; bat/throw: L/R",,250,205.17,188.0,85,291,206,103.0,2,291.0,,85.0,,
p0245,Justin LeGuernic,LHP,Clemson,,,age 20.8,,251,206.0,206.0,151,261,110,55.0,2,261.0,151.0,,,
p0279,Rookie Shepard,SS,"Faith Lutheran HS, Las Vegas, Nev",HS,,commit/drafted: Miami; age 18,,252,208.0,208.0,208,208,0,0.0,1,208.0,,,,
p0249,Kyle Casteel,RHP,Butler (Pa.) Area Senior HS,HS,PA,commit/drafted: West Virginia; age 18,840220.0,253,208.54,205.0,159,251,92,46.0,2,251.0,,,,159.0
p0153,Ryne Barker,3B,"Casteel (Gilbert, AZ)",HS,AZ,commit/drafted: Texas Tech; age 19,837063.0,254,208.78,195.0,64,324,260,106.15,3,324.0,,64.0,,195.0
p0176,Jet Berry,SS,Queen Creek (Ariz.) HS,HS,AZ,commit/drafted: Arizona State; age 19,835829.0,255,209.22,190.0,73,323,250,102.13,3,323.0,,73.0,,190.0
p0280,Haiden Leffew,LHP,Texas,,,age 21,,256,213.0,213.0,213,213,0,0.0,1,213.0,,,,
p0281,Collin Bland,1B,"Houston HS, Germantown, Tenn",HS,,commit/drafted: Vanderbilt; age 18,,257,214.0,214.0,214,214,0,0.0,1,214.0,,,,
p0196,Graham Schlicht,RHP,"De La Salle HS, Concord, Calif",HS,CA,commit/drafted: Stanford; age 18,840219.0,258,214.44,139.0,83,373,290,125.61,3,373.0,,83.0,,139.0
p0282,Tyson Grulkowski,RHP,Muskego (Wisc.) HS,HS,,commit/drafted: South Florida; age 18,,259,216.0,216.0,216,216,0,0.0,1,216.0,,,,
p0181,Kam Durnin,SS,Missouri,College,MO,"hometown: Kansas City, MO; bat/throw: R/R",,260,217.92,197.5,75,320,245,122.5,2,320.0,,75.0,,
p0283,John Stowers,C,"St. Paul’s Episcopal HS, Mobile, Ala",HS,,commit/drafted: Auburn; age 18,,261,218.0,218.0,218,218,0,0.0,1,218.0,,,,
p0274,Jorvorskie Lane Jr.,OF,Grapevine (Tex.) HS,HS,TX,commit/drafted: Arkansas; age 18,828580.0,262,218.31,217.0,200,234,34,17.0,2,234.0,,,,200.0
p0284,Zane Adams,LHP,Alabama,,,age 22,,263,221.0,221.0,221,221,0,0.0,1,221.0,,,,
p0285,Rhett Britt,RHP,"Topsail HS, Hampstead, N.C",HS,,commit/drafted: North Carolina; age 18,,264,222.0,222.0,222,222,0,0.0,1,222.0,,,,
p0286,Hunter Carns,C,Florida State,,,commit/drafted: D-Backs ’24 (20); age 21,,265,223.0,223.0,223,223,0,0.0,1,223.0,,,,
p0287,Brayden Martin,3B,Maryland,,,age 20,,266,225.0,225.0,225,225,0,0.0,1,225.0,,,,
p0288,Alejandro Garza,3B,Cal Poly,,,age 21,,267,228.0,228.0,228,228,0,0.0,1,228.0,,,,
p0289,Ryan Kucherak,SS,Northwestern,,,age 21,,268,229.0,229.0,229,229,0,0.0,1,229.0,,,,
p0262,Sawyer Nelson,SS,South Salem,HS,OR,B/T: L/R,840037.0,269,229.69,226.5,185,268,83,41.5,2,268.0,,,,185.0
p0290,Jerek Turlij,RHP,North East (Pa.) HS,HS,,commit/drafted: Penn State; age 18,,270,231.0,231.0,231,231,0,0.0,1,231.0,,,,
p0291,Luke Nixon,2B,NC State,,,age 21,,271,232.0,232.0,232,232,0,0.0,1,232.0,,,,
p0292,Cashel Dugger,C,UCLA,,,age 20,,272,233.0,233.0,233,233,0,0.0,1,233.0,,,,
p0194,Amp Phillips,RHP,South Carolina,College,SC,"Lancaster, SC; 21.8 JR",,273,233.08,211.5,82,341,259,129.5,2,341.0,,,,
p0180,Will Plunkett,SS,Mamaroneck,HS,NY,commitment: Binghamton; bat/throw: R/R,836672.0,274,234.06,196.0,74,381,307,126.21,3,381.0,,74.0,,196.0
p0293,Cameron Jackson,SS,"Georgia Premier Academy, Statesboro, Ga",HS,,commit/drafted: Oklahoma; age 18,,275,235.0,235.0,235,235,0,0.0,1,235.0,,,,
p0237,Jarren Purify,2B,Clemson,College,MI,"Detroit, MI; 20.5 JR",,276,236.5,217.0,100,334,234,117.0,2,334.0,,,,
p0294,Brandon Arvidson,LHP,Tennessee,,,age 22,,277,237.0,237.0,237,237,0,0.0,1,237.0,,,,
p0295,Tryston McCladdie,OF,Clemson,,,age 20,,278,239.0,239.0,239,239,0,0.0,1,239.0,,,,
p0296,Cash Scarborough,RHP,"Memorial HS, Houston",HS,,commit/drafted: Oklahoma State; age 18,,279,240.0,240.0,240,240,0,0.0,1,240.0,,,,
p0236,Isaiah Galason,SS,"Houston County (Kathleen, GA)",HS,,commitment: Georgia Tech; bat/throw: R/R,,280,242.33,222.0,100,344,244,122.0,2,344.0,,100.0,,
p0297,Mark Quatrani,C,Notre Dame,,,age 21,,281,243.0,243.0,243,243,0,0.0,1,243.0,,,,
p0230,Lorenzo Carrier,OF,Pittsburgh,College,DE,"Bear, DE; 22.9 RSR",,282,243.42,222.5,97,348,251,125.5,2,348.0,,,,
p0215,Hunter Brown,RHP,"North Hunterdon HS, Annandale, N.J",HS,,commitment: Penn State; bat/throw: R/R,,283,245.17,223.0,90,356,266,133.0,2,356.0,,90.0,,
p0298,Sam Harris,1B,Virginia,,,age 21,,284,246.0,246.0,246,246,0,0.0,1,246.0,,,,
p0299,Ethan Surowiec,3B,Florida,,,age 21,,285,247.0,247.0,247,247,0,0.0,1,247.0,,,,
p0242,Cole Dennis,RHP,Bishop Snyder HS (FL),HS,FL,commit/drafted: Jacksonville; age 17,,286,248.0,248.0,142,354,212,106.0,2,354.0,142.0,,,
p0300,P.J. Moutzouridis,SS,Arizona State,,,age 21,,287,248.0,248.0,248,248,0,0.0,1,248.0,,,,
p0301,Javar Williams,OF,Wake Forest,,,age 22,,288,249.0,249.0,249,249,0,0.0,1,249.0,,,,
p0154,Cole Stokes,RHP,Florida State,College,CA,age 21,,289,249.5,223.0,64,382,318,159.0,2,382.0,,,,
p0302,Nu'u Contrades,3B,Arizona State,,,age 22,,290,250.0,250.0,250,250,0,0.0,1,250.0,,,,
p0303,Brandon McCraine,SS,Auburn,,,age 21,,291,252.0,252.0,252,252,0,0.0,1,252.0,,,,
p0304,Collin Jennings,OF,Illinois,,,age 21,,292,253.0,253.0,253,253,0,0.0,1,253.0,,,,
p0305,Judah Ota,OF,"Iolani HS, Honolulu, Hawaii",HS,,commit/drafted: Arkansas; age 18,,293,255.0,255.0,255,255,0,0.0,1,255.0,,,,
p0306,Griffin Graves,LHP,Auburn,,,age 21,,294,256.0,256.0,256,256,0,0.0,1,256.0,,,,
p0307,Connor Fennell,RHP,Vanderbilt,,,age 21,,295,259.0,259.0,259,259,0,0.0,1,259.0,,,,
p0207,Tyler Minick,3B,Connecticut,College,PA,"Reading, PA; 21.5 JR",,296,259.67,235.0,87,383,296,148.0,2,383.0,,,,
p0308,Hunter Possehl,LHP,Florida Gulf Coast,,,age 21,,297,260.0,260.0,260,260,0,0.0,1,260.0,,,,
p0309,Alfredo Capacete,RHP,Cal Baptist,,,age 21,,298,262.0,262.0,262,262,0,0.0,1,262.0,,,,
p0310,Michael Anderson,1B,Penn State,,,age 22,,299,263.0,263.0,263,263,0,0.0,1,263.0,,,,
p0311,Colin Barczi,C,Vanderbilt,,,age 21,,300,264.0,264.0,264,264,0,0.0,1,264.0,,,,
p0312,Owen Kelly,RHP,Ole Miss,,,age 21,,301,265.0,265.0,265,265,0,0.0,1,265.0,,,,
p0244,Landon Thiel,LHP,Jackson HS (OH),HS,OH,B/T: R/L,840036.0,302,265.35,181.0,148,455,307,137.6,3,455.0,148.0,,,181.0
p0313,Colin Fisher,LHP,Arkansas,,,age 21,,303,269.0,269.0,269,269,0,0.0,1,269.0,,,,
p0314,Donovan Thiery,RHP,"Coral Shores HS, Tavernier, Fla",HS,,commit/drafted: Florida State; age 18,,304,271.0,271.0,271,271,0,0.0,1,271.0,,,,
p0255,Wil Libbert,LHP,Mississippi,College,MO,age 21,806143.0,305,271.62,265.0,179,351,172,86.0,2,351.0,,,,179.0
p0315,Matthew Sharman,RHP,"Etowah HS, Woodstock, Ga",HS,,commit/drafted: Georgia; age 18,,306,273.0,273.0,273,273,0,0.0,1,273.0,,,,
p0316,Gavin Van Kempen,RHP,East Carolina,,,commit/drafted: Cardinals ’22 (20); age 21,,307,274.0,274.0,274,274,0,0.0,1,274.0,,,,
p0317,Anthony Del Angel,3B,"Cleveland HS, Rio Ranch, N.M",HS,,commit/drafted: Oklahoma; age 18,,308,276.0,276.0,276,276,0,0.0,1,276.0,,,,
p0318,Clayton Freshcorn,RHP,Texas A&M,,,age 21,,309,277.0,277.0,277,277,0,0.0,1,277.0,,,,
p0319,David Hinojosa,RHP,"Poly Prep Country Day HS, Brooklyn, N.Y",HS,,commit/drafted: Vanderbilt; age 18,,310,278.0,278.0,278,278,0,0.0,1,278.0,,,,
p0320,AJ Curry,OF,"University City HS, San Diego, Calif",HS,,commit/drafted: Tennessee; age 18,,311,279.0,279.0,279,279,0,0.0,1,279.0,,,,
p0321,Ty Burnham,RHP,Rogers (Ark.) HS,HS,,commit/drafted: Arkansas; age 18,,312,281.0,281.0,281,281,0,0.0,1,281.0,,,,
p0322,Bryson Moore,RHP,Florida State,,,age 21,,313,282.0,282.0,282,282,0,0.0,1,282.0,,,,
p0199,Vincent Lombardo,OF,Fairfield (Conn.) Prep,HS,,commitment: Connecticut; bat/throw: R/R,,314,282.92,254.5,84,425,341,170.5,2,425.0,,84.0,,
p0323,Sean Loggie,LHP,"Christian Brothers Academy, Lincroft, N.J",HS,,commit/drafted: Virginia; age 18,,315,283.0,283.0,283,283,0,0.0,1,283.0,,,,
p0324,Josh Gunther,RHP,South Carolina,,,age 21,,316,284.0,284.0,284,284,0,0.0,1,284.0,,,,
p0270,Spencer Evans,LHP,TNXL Academy,HS,FL,commit/drafted: LSU; age 18,829221.0,317,285.0,278.5,194,363,169,84.5,2,363.0,,,,194.0
p0325,Isaiah Hearn,OF,"Chaminade HS, West Hills, Calif",HS,,commit/drafted: Oregon; age 18,,318,285.0,285.0,285,285,0,0.0,1,285.0,,,,
p0326,Ethan Wheeler,RHP,"Trinity Christian Academy, Jacksonville, Fla",HS,,commit/drafted: Florida; age 18,,319,286.0,286.0,286,286,0,0.0,1,286.0,,,,
p0327,Hayes Holton,RHP,Loranger (La.) HS,HS,,commit/drafted: Texas; age 18,,320,287.0,287.0,287,287,0,0.0,1,287.0,,,,
p0328,AJ Krodel,RHP,UC Santa Barbara,,,age 21,,321,289.0,289.0,289,289,0,0.0,1,289.0,,,,
p0329,Griffin Stieg,RHP,Virginia Tech,,,age 22,,322,290.0,290.0,290,290,0,0.0,1,290.0,,,,
p0177,AJ Evasco,OF,Kansas State,College,NE,"Lincoln, NE; 20.8 SO",,323,291.17,260.0,73,447,374,187.0,2,447.0,,,,
p0330,Dylan Blomker,RHP,"La Cueva HS, Albuquerque, N.M",HS,,commit/drafted: LSU; age 18,,324,292.0,292.0,292,292,0,0.0,1,292.0,,,,
p0331,Grayson Fitzwater,1B,VMI,,,age 22,,325,295.0,295.0,295,295,0,0.0,1,295.0,,,,
p0332,Colin Linder,RHP,Arizona State,,,age 22,,326,296.0,296.0,296,296,0,0.0,1,296.0,,,,
p0333,Anthony Potestio,SS,UC San Diego,,,age 21,,327,297.0,297.0,297,297,0,0.0,1,297.0,,,,
p0334,Colin White,LHP,"Harrison HS, Kennesaw, Ga",HS,,commit/drafted: Florida; age 19,,328,298.0,298.0,298,298,0,0.0,1,298.0,,,,
p0335,Cooper Moore,RHP,LSU,,,age 22,,329,299.0,299.0,299,299,0,0.0,1,299.0,,,,
p0336,Colin Driffill,RHP,"Millard North HS, Omaha, Neb",HS,,commit/drafted: Kansas State; age 18,,330,300.0,300.0,300,300,0,0.0,1,300.0,,,,
p0337,Hudson Barrett,LHP,Oklahoma State,,,age 22,,331,301.0,301.0,301,301,0,0.0,1,301.0,,,,
p0238,Josiah Morris,SS,Clayton Valley,HS,CA,commit/drafted: Oklahoma State; age 18,837268.0,332,301.23,288.5,123,454,331,165.5,2,454.0,,,,123.0
p0338,Connor Marshburn,RHP,UNC Wilmington,,,age 21,,333,302.0,302.0,302,302,0,0.0,1,302.0,,,,
p0339,Dean West,OF,UCLA,,,age 21,,334,303.0,303.0,303,303,0,0.0,1,303.0,,,,
p0340,Matt Conte,C,Wake Forest,,,age 21,,335,304.0,304.0,304,304,0,0.0,1,304.0,,,,
p0341,Jacob Bean,RHP,Louisville,,,age 21,,336,305.0,305.0,305,305,0,0.0,1,305.0,,,,
p0342,Christian Doty,SS,"Magnolia Heights HS, Senatobia, Miss",HS,,commit/drafted: Ole Miss; age 19,,337,306.0,306.0,306,306,0,0.0,1,306.0,,,,
p0343,Luke Pettitte,RHP,Dallas Baptist,,,age 21,,338,307.0,307.0,307,307,0,0.0,1,307.0,,,,
p0344,Brett Lanman,LHP,Abilene Christian,HS,,age 21,,339,308.0,308.0,308,308,0,0.0,1,308.0,,,,
p0345,Tyler Pitzer,RHP,Mississippi State,,,age 21,,340,309.0,309.0,309,309,0,0.0,1,309.0,,,,
p0346,Grayden Seuferling,RHP,Blue Springs (Mo.) South HS,HS,,commit/drafted: Wake Forest; age 18,,341,310.0,310.0,310,310,0,0.0,1,310.0,,,,
p0347,Cameron Tarkenton,RHP,"Cardinal Gibbons HS, Raleigh, N.C",HS,,commit/drafted: North Carolina; age 18,,342,311.0,311.0,311,311,0,0.0,1,311.0,,,,
p0348,Josiah Kemp,OF,"Westmoore HS, Oklahoma City, Okla",HS,,commit/drafted: Oklahoma; age 18,,343,312.0,312.0,312,312,0,0.0,1,312.0,,,,
p0349,Aidan Weaver,RHP,Duke,,,age 22,,344,313.0,313.0,313,313,0,0.0,1,313.0,,,,
p0259,Jason Jutronich,LHP,Torrey Pines,HS,CA,commit/drafted: UC Santa Barbara; age 18,840027.0,345,313.38,304.0,182,426,244,122.0,2,426.0,,,,182.0
p0350,Alex Petrovic,RHP,Auburn,,,age 22,,346,315.0,315.0,315,315,0,0.0,1,315.0,,,,
p0351,Jack Beck,SS,Columbia (Tenn.) Central HS,HS,,commit/drafted: Georgia Southern; age 18,,347,316.0,316.0,316,316,0,0.0,1,316.0,,,,
p0352,Christian Chatterton,RHP,,,,age 21,,348,317.0,317.0,317,317,0,0.0,1,317.0,,,,
p0353,Jake Long,OF,Utah,,,age 21,,349,318.0,318.0,318,318,0,0.0,1,318.0,,,,
p0198,Ryan Zuckerman,3B,Georgia Tech,College,PA,"Yardley, PA; 21.5 JR",,350,318.67,285.0,83,487,404,202.0,2,487.0,,,,
p0354,Jaxon Matthews,OF,"Hough HS, Cornelius, N.C",HS,,commit/drafted: Clemson; age 19,,351,319.0,319.0,319,319,0,0.0,1,319.0,,,,
p0224,Teagan Scott,C,South Salem (Ore.) HS,HS,,commitment: Oregon State; bat/throw: R/R,,352,320.75,288.5,95,482,387,193.5,2,482.0,,95.0,,
p0355,Carson Turnquist,RHP,Cal Poly,,,age 22,,353,321.0,321.0,321,321,0,0.0,1,321.0,,,,
p0356,Gunnar Alm,OF,"Polk County HS, Columbus, N.C",HS,,commit/drafted: North Carolina State; age 19,,354,322.0,322.0,322,322,0,0.0,1,322.0,,,,
p0357,Aidan Teel,OF,Mississippi State,,,age 21,,355,325.0,325.0,325,325,0,0.0,1,325.0,,,,
p0226,Matthew Kelley,SS,"Basic HS, Henderson, Nev",HS,,commitment: Texas A&M; bat/throw: R/R,,356,325.25,292.5,96,489,393,196.5,2,489.0,,96.0,,
p0358,Drew Titsworth,RHP,Clemson,,,age 21,,357,326.0,326.0,326,326,0,0.0,1,326.0,,,,
p0359,Matt Scott,RHP,Georgia,,,commit/drafted: Rangers ’22 (20); age 22,,358,327.0,327.0,327,327,0,0.0,1,327.0,,,,
p0360,Landon Koenig,RHP,Ole Miss,,,age 21,,359,328.0,328.0,328,328,0,0.0,1,328.0,,,,
p0361,Dominic Battista,OF,Oswego (Ill.) East HS,HS,,commit/drafted: Illinois-Chicago; age 18,,360,329.0,329.0,329,329,0,0.0,1,329.0,,,,
p0257,Kaleb LaFavor,RHP,Bishop Heelan,HS,IA,commit/drafted: Iowa; age 18,842190.0,361,329.69,319.0,180,458,278,139.0,2,458.0,,,,180.0
p0362,Selden Kolkebeck,RHP,Old Tappan (N.J.) HS,HS,,commit/drafted: Columbia; age 18,,362,330.0,330.0,330,330,0,0.0,1,330.0,,,,
p0363,Devin Diaz,C,"Iona Prep HS, New Rochelle, N.Y",HS,,commit/drafted: Miami; age 18,,363,331.0,331.0,331,331,0,0.0,1,331.0,,,,
p0364,Declan Dahl,RHP,Louisiana Tech,,,,,364,332.0,332.0,332,332,0,0.0,1,332.0,,,,
p0365,Micah Worley,LHP,Stony Brook,,,age 22,,365,333.0,333.0,333,333,0,0.0,1,333.0,,,,
p0366,Erick Dessens,OF,Sacramento State,,,age 21,,366,335.0,335.0,335,335,0,0.0,1,335.0,,,,
p0367,Keller Bradley,RHP,"Pennsbury HS, Fairless Hills, Penn",HS,,commit/drafted: Vanderbilt; age 18,,367,336.0,336.0,336,336,0,0.0,1,336.0,,,,
p0368,Carlos Martinez,RHP,Hofstra,,,age 21,,368,337.0,337.0,337,337,0,0.0,1,337.0,,,,
p0369,Julian Sabourin,RHP,"Bishop Tonnos Catholic HS, Hamilton, Ontario",HS,,commit/drafted: Oregon State; age 17,,369,338.0,338.0,338,338,0,0.0,1,338.0,,,,
p0370,Bear Harrison,C,Texas A&M,,,age 21,,370,339.0,339.0,339,339,0,0.0,1,339.0,,,,
p0371,Dillon Moss,C,"IMG Academy, Bradenton, Fla",HS,,commit/drafted: Stanford; age 18,,371,340.0,340.0,340,340,0,0.0,1,340.0,,,,
p0372,Adam Troy,RHP,Southern California,,,age 22,,372,342.0,342.0,342,342,0,0.0,1,342.0,,,,
p0373,Gage Peterson,RHP,Appalachian State,,,age 21,,373,343.0,343.0,343,343,0,0.0,1,343.0,,,,
p0374,Aidan Keenan,RHP,Stanford,,,age 21,,374,345.0,345.0,345,345,0,0.0,1,345.0,,,,
p0375,Max Bayles,RHP,Santa Clara,,,age 21,,375,346.0,346.0,346,346,0,0.0,1,346.0,,,,
p0376,Fabio Bundi,RHP,Monterey Peninsula (Calif.) JC,JUCO,,commit/drafted: UCLA; age 22,,376,347.0,347.0,347,347,0,0.0,1,347.0,,,,
p0377,Noah Sullivan,1B,Mississippi State,,,age 23,,377,349.0,349.0,349,349,0,0.0,1,349.0,,,,
p0378,Hideki Prather,C,California,,,age 21,,378,350.0,350.0,350,350,0,0.0,1,350.0,,,,
p0379,Jon Mora,OF,"Somorset Academy, Pembroke Pines, Fla",HS,,commit/drafted: Miami; age 19,,379,352.0,352.0,352,352,0,0.0,1,352.0,,,,
p0261,Genson Veras,OF,TNXL Academy,HS,FL,commit/drafted: Florida State; age 18,835940.0,380,353.08,341.0,184,498,314,157.0,2,498.0,,,,184.0
p0380,Brady Neal,C,Alabama,,,commit/drafted: Brewers ’22 (17); age 21,,381,355.0,355.0,355,355,0,0.0,1,355.0,,,,
p0381,Weston Moss,RHP,Texas A&M,,,age 22,,382,357.0,357.0,357,357,0,0.0,1,357.0,,,,
p0382,Michael Malki,RHP,Cal Baptist,,,age 20,,383,358.0,358.0,358,358,0,0.0,1,358.0,,,,
p0383,Ty Tillery,RHP,"Morgan County HS, Madison, Ga",HS,,commit/drafted: Auburn; age 18,,384,359.0,359.0,359,359,0,0.0,1,359.0,,,,
p0384,Ned Frutchey,RHP,Sacramento City (Calif.) JC,JUCO,,commit/drafted: Arkansas,,385,360.0,360.0,360,360,0,0.0,1,360.0,,,,
p0385,Kyle McDaniel,2B,Utah Tech,,,age 21,,386,361.0,361.0,361,361,0,0.0,1,361.0,,,,
p0386,Brayden Harris,RHP,"St. Johns Country Day HS, Orange Park, Fla",HS,,commit/drafted: Florida State; age 19,,387,362.0,362.0,362,362,0,0.0,1,362.0,,,,
p0387,Zach Stevens,RHP,South Alabama,,,age 21,,388,364.0,364.0,364,364,0,0.0,1,364.0,,,,
p0388,Chase Meyer,RHP,No School,,,age 21,,389,365.0,365.0,365,365,0,0.0,1,365.0,,,,
p0389,Cole Hansen,C,California Baptist,,,age 23,,390,366.0,366.0,366,366,0,0.0,1,366.0,,,,
p0390,Matthew Maxon,RHP,Carmal (Calif.) HS,HS,,commit/drafted: Stanford; age 18,,391,367.0,367.0,367,367,0,0.0,1,367.0,,,,
p0391,Stone Lawless,C,Tennessee,,,age 21,,392,368.0,368.0,368,368,0,0.0,1,368.0,,,,
p0392,Paul Contreras,OF,Cal State Fullerton,,,age 20,,393,369.0,369.0,369,369,0,0.0,1,369.0,,,,
p0393,Parker Ishee,RHP,Copiah-Lincoln (MS) JC,JUCO,,commit/drafted: Oklahoma,,394,370.0,370.0,370,370,0,0.0,1,370.0,,,,
p0394,RJ Cope,1B,"Georgia Premier Academy, Statesboro, Ga",HS,,commit/drafted: Vanderbilt; age 19,,395,371.0,371.0,371,371,0,0.0,1,371.0,,,,
p0395,Reese Chapman,OF,Tennessee,,,age 22,,396,372.0,372.0,372,372,0,0.0,1,372.0,,,,
p0396,Ethan Offing,OF,"Dutch Fork HS, Irmo, S.C",HS,,commit/drafted: Clemson; age 18,,397,374.0,374.0,374,374,0,0.0,1,374.0,,,,
p0397,Caleb Trugman,RHP,"Ayala HS, Chino Hills, Calif",HS,,commit/drafted: UC Santa Barbara; age 18,,398,375.0,375.0,375,375,0,0.0,1,375.0,,,,
p0398,Wyatt Danilowicz,LHP,Louisville,,,age 22,,399,376.0,376.0,376,376,0,0.0,1,376.0,,,,
p0399,Josh Skowronski,OF,Winthrop,,,age 21,,400,377.0,377.0,377,377,0,0.0,1,377.0,,,,
p0400,Cider Canon,C,Duke,,,age 21,,401,378.0,378.0,378,378,0,0.0,1,378.0,,,,
p0401,Chris Diaz,RHP,Florida Gulf Coast,,,age 21,,402,379.0,379.0,379,379,0,0.0,1,379.0,,,,
p0402,Zach Edwards,RHP,Oregon State,,,age 21,,403,380.0,380.0,380,380,0,0.0,1,380.0,,,,
p0403,Ethan Lay,RHP,Sacramento State,,,age 22,,404,384.0,384.0,384,384,0,0.0,1,384.0,,,,
p0404,Taden Krogsgaard,RHP,Temecula (Calif.) Valley HS,HS,,commit/drafted: UCLA; age 18,,405,385.0,385.0,385,385,0,0.0,1,385.0,,,,
p0405,Eli Pillsbury,LHP,Jacksonville State,,,age 22,,406,386.0,386.0,386,386,0,0.0,1,386.0,,,,
p0406,Michael Benzor,LHP,Dallas Baptist,,,age 22,,407,387.0,387.0,387,387,0,0.0,1,387.0,,,,
p0407,Brady Murrietta,C,Orange (Calif.) Lutheran HS,HS,,commit/drafted: Texas; age 19,,408,388.0,388.0,388,388,0,0.0,1,388.0,,,,
p0408,Julian Cazares,RHP,Los Banos (Calif.) HS,HS,,commit/drafted: Stanford; age 18,,409,389.0,389.0,389,389,0,0.0,1,389.0,,,,
p0409,Deacon Nelson,SS,"University School, Chagrin Falls, Ohio",,,commit/drafted: Auburn; age 18,,410,390.0,390.0,390,390,0,0.0,1,390.0,,,,
p0410,Matthew Mansbery,SS,"Walsh Jesuit HS, Cuyahoga Falls, Ohio",HS,,commit/drafted: Michigan; age 18,,411,391.0,391.0,391,391,0,0.0,1,391.0,,,,
p0411,Luke Ekdall,RHP,Blinn (Texas) JC,JUCO,,commit/drafted: Texas A&M,,412,392.0,392.0,392,392,0,0.0,1,392.0,,,,
p0412,Devin Long,RHP,"Chaparral HS, Scottsdale, Ariz",HS,,commit/drafted: Ole Miss; age 19,,413,393.0,393.0,393,393,0,0.0,1,393.0,,,,
p0413,Jacob Johnson,OF,Saint Mary’s,,,age 20,,414,394.0,394.0,394,394,0,0.0,1,394.0,,,,
p0414,Tyler Kapa,RHP,Virginia,,,age 22,,415,395.0,395.0,395,395,0,0.0,1,395.0,,,,
p0415,Jaxson Wood,SS,Hoover (Ala.) HS,HS,,commit/drafted: Tennessee; age 18,,416,396.0,396.0,396,396,0,0.0,1,396.0,,,,
p0416,Kamden Scobey,SS,South Carolina,,,age 21,,417,397.0,397.0,397,397,0,0.0,1,397.0,,,,
p0417,Landon Schutte,RHP,Oakdale (Calif.) HS,HS,,commit/drafted: Georgia; age 18,,418,398.0,398.0,398,398,0,0.0,1,398.0,,,,
p0418,Derek Schaefer,RHP,Arizona State,,,age 20,,419,399.0,399.0,399,399,0,0.0,1,399.0,,,,
p0419,Taylor Casson,RHP,"Landmark Christian HS, Fairburn, Ga",HS,,commit/drafted: South Florida; age 18,,420,400.0,400.0,400,400,0,0.0,1,400.0,,,,
p0420,Max Knight,LHP,Missouri State,,,age 21,,421,401.0,401.0,401,401,0,0.0,1,401.0,,,,
p0421,Michael Catalano,RHP,Oklahoma,,,age 21,,422,402.0,402.0,402,402,0,0.0,1,402.0,,,,
p0422,Adam Agresti,C,St. John’s,,,age 21,,423,403.0,403.0,403,403,0,0.0,1,403.0,,,,
p0423,Max Kaufer,C,Wichita State,,,age 21,,424,404.0,404.0,404,404,0,0.0,1,404.0,,,,
p0424,Camden Wicker,RHP,Central Florida,,,age 21,,425,405.0,405.0,405,405,0,0.0,1,405.0,,,,
p0425,Drew Whalen,RHP,Auburn,,,age 21,,426,406.0,406.0,406,406,0,0.0,1,406.0,,,,
p0426,Trey Hawsey,1B,Louisiana Tech,,,age 21,,427,407.0,407.0,407,407,0,0.0,1,407.0,,,,
p0427,Caleb Klein,OF,Southeastern Missouri State,,,,,428,408.0,408.0,408,408,0,0.0,1,408.0,,,,
p0428,Mathew Farner,SS,North Florida,,,age 21,,429,409.0,409.0,409,409,0,0.0,1,409.0,,,,
p0429,Trevor Lucas,3B,UNC Wilmington,,,age 21,,430,410.0,410.0,410,410,0,0.0,1,410.0,,,,
p0430,Gabe Camacho,1B,UC San Diego,,,age 20,,431,411.0,411.0,411,411,0,0.0,1,411.0,,,,
p0431,Gavin King,RHP,Middle Tennessee State,,,age 20,,432,412.0,412.0,412,412,0,0.0,1,412.0,,,,
p0432,Tate McGuire,RHP,Arkansas,,,age 21,,433,413.0,413.0,413,413,0,0.0,1,413.0,,,,
p0433,Jake Lambdin,SS,Duke,,,age 21,,434,414.0,414.0,414,414,0,0.0,1,414.0,,,,
p0434,Jake Bennett,C,Dallas Baptist,,,age 25,,435,415.0,415.0,415,415,0,0.0,1,415.0,,,,
p0435,Alex Overbay,RHP,Arizona State,,,age 21,,436,416.0,416.0,416,416,0,0.0,1,416.0,,,,
p0436,Jaden Bastian,OF,Florida,,,age 21,,437,417.0,417.0,417,417,0,0.0,1,417.0,,,,
p0437,Damian Ruiz,OF,Arkansas,,,age 22,,438,418.0,418.0,418,418,0,0.0,1,418.0,,,,
p0438,Tanner Marsh,SS,Liberty,,,age 21,,439,419.0,419.0,419,419,0,0.0,1,419.0,,,,
p0439,Ben Davis,RHP,Mississippi State,,,age 21,,440,420.0,420.0,420,420,0,0.0,1,420.0,,,,
p0440,Ben Cleary,SS,Santa Clara,,,age 21,,441,421.0,421.0,421,421,0,0.0,1,421.0,,,,
p0441,Louis Hernandez,SS,Lake Mary (Fla.) HS,HS,,commit/drafted: Clemson; age 18,,442,422.0,422.0,422,422,0,0.0,1,422.0,,,,
p0442,Keenan Dolan,RHP,"Bishop Manogue Catholic HS, Reno, Nev",HS,,commit/drafted: Uncommitted; age 18,,443,423.0,423.0,423,423,0,0.0,1,423.0,,,,
p0443,Duke McCarron,RHP,St. Joseph’s,,,age 21,,444,424.0,424.0,424,424,0,0.0,1,424.0,,,,
p0444,Mason Eckelman,C,Ohio State,,,age 21,,445,427.0,427.0,427,427,0,0.0,1,427.0,,,,
p0445,Gavin Michaels,SS,Normal (Ill.) Community HS,HS,,commit/drafted: Cincinnati; age 18,,446,428.0,428.0,428,428,0,0.0,1,428.0,,,,
p0446,Caden McDonald,RHP,Florida,,,age 21,,447,429.0,429.0,429,429,0,0.0,1,429.0,,,,
p0447,Noah Scott,RHP,Oregon State,,,age 21,,448,430.0,430.0,430,430,0,0.0,1,430.0,,,,
p0448,Ethan Mendoza,2B,Texas,,,age 21,,449,431.0,431.0,431,431,0,0.0,1,431.0,,,,
p0449,Reece Moroney,SS,Rhode Island,,,age 21,,450,432.0,432.0,432,432,0,0.0,1,432.0,,,,
p0450,Connor Finn,LHP,Mahtomedi (Minn.) HS,HS,,commit/drafted: Texas Tech; age 18,,451,433.0,433.0,433,433,0,0.0,1,433.0,,,,
p0451,Daniel Kellis,RHP,Radnor (Pa.) HS,HS,,commit/drafted: Wake Forest; age 18,,452,434.0,434.0,434,434,0,0.0,1,434.0,,,,
p0452,Bryce Collins,RHP,Kelso (Wash.) HS,HS,,commit/drafted: Ole Miss; age 18,,453,435.0,435.0,435,435,0,0.0,1,435.0,,,,
p0453,Dominic Longo,OF,Arizona State,,,age 22,,454,436.0,436.0,436,436,0,0.0,1,436.0,,,,
p0454,Rallin Covey,RHP,"Sacred Heart Prep, Atherton, Calif",HS,,commit/drafted: Southern California; age 18,,455,437.0,437.0,437,437,0,0.0,1,437.0,,,,
p0455,Tate Troxell,RHP,"St. Theodore Guerin HS, Noblesville, Ind",HS,,commit/drafted: Alabama; age 18,,456,438.0,438.0,438,438,0,0.0,1,438.0,,,,
p0456,Ryan Castillo,RHP,New Mexico,,,,,457,439.0,439.0,439,439,0,0.0,1,439.0,,,,
p0457,Kide Adetuyi,LHP,Florida Atlantic,,,age 20,,458,440.0,440.0,440,440,0,0.0,1,440.0,,,,
p0458,Rob Czarniecki,OF,Chesterton (Ind.) HS,HS,,commit/drafted: Kentucky; age 19,,459,441.0,441.0,441,441,0,0.0,1,441.0,,,,
p0459,Mikey Bell,3B,Gonzaga,,,age 22,,460,442.0,442.0,442,442,0,0.0,1,442.0,,,,
p0460,Diego Castellanos,OF,Saint Mary’s,,,age 21,,461,443.0,443.0,443,443,0,0.0,1,443.0,,,,
p0461,Aiden Smith,RHP,Shelbyville (Ind.) HS,HS,,commit/drafted: Kentucky; age 18,,462,444.0,444.0,444,444,0,0.0,1,444.0,,,,
p0462,Brady Marconi,C,Charlotte (N.C.) Catholic HS,HS,,commit/drafted: College of Charleston; age 18,,463,445.0,445.0,445,445,0,0.0,1,445.0,,,,
p0463,Brayden Bakes,OF,Illinois State,,,age 21,,464,446.0,446.0,446,446,0,0.0,1,446.0,,,,
p0464,Phinn Beaird,LHP,"Briarcrest Christian HS, Eads, Tenn",HS,,commit/drafted: Texas; age 19,,465,448.0,448.0,448,448,0,0.0,1,448.0,,,,
p0465,Ryder Olson,RHP,"Pennridge HS, Perkasie, Pa",HS,,commit/drafted: Coastal Carolina; age 19,,466,449.0,449.0,449,449,0,0.0,1,449.0,,,,
p0466,Ezekiel Lara,OF,"Mater Dei HS, Santa Ana, Calif",HS,,commit/drafted: Georgia Tech; age 19,,467,450.0,450.0,450,450,0,0.0,1,450.0,,,,
p0467,Ethan Thomas,RHP,TCU,,,age 21,,468,451.0,451.0,451,451,0,0.0,1,451.0,,,,
p0468,Griffin Bourland,RHP,"Eaton HS, Fort Worth, Texas",HS,,commit/drafted: Baylor; age 18,,469,452.0,452.0,452,452,0,0.0,1,452.0,,,,
p0469,Gavin Eddy,RHP,California,,,age 21,,470,453.0,453.0,453,453,0,0.0,1,453.0,,,,
p0470,Brody Schumaker,SS,Santa Margarita (Calif.) Catholic HS,HS,,commit/drafted: TCU; age 18,,471,456.0,456.0,456,456,0,0.0,1,456.0,,,,
p0471,Walker Cox,RHP,Easley (S.C.) HS,HS,,commit/drafted: South Carolina; age 18,,472,457.0,457.0,457,457,0,0.0,1,457.0,,,,
p0472,Caden Sivrich,RHP,"Norwin HS, North Huntington, Pa",HS,,commit/drafted: Pittsburgh; age 18,,473,459.0,459.0,459,459,0,0.0,1,459.0,,,,
p0473,Alex Philpott,RHP,South Carolina,,,age 21,,474,460.0,460.0,460,460,0,0.0,1,460.0,,,,
p0474,Conner Griffin,RHP,Binghamton,,,age 21,,475,461.0,461.0,461,461,0,0.0,1,461.0,,,,
p0475,Jimmy Anderson,SS,Heartland (Ill.) JC,JUCO,,commit/drafted: Orioles ’25 (19); age 20,,476,462.0,462.0,462,462,0,0.0,1,462.0,,,,
p0476,Juriel Collazo,OF,"Christian Military Academy, Vega Baja P.R",HS,,commit/drafted: Western Kentucky; age 17,,477,463.0,463.0,463,463,0,0.0,1,463.0,,,,
p0477,Matt Sauser,RHP,Central Florida,,,age 21,,478,464.0,464.0,464,464,0,0.0,1,464.0,,,,
p0478,Damarcus Rideout-Carter,RHP,"Heart Lake Secondary HS, Brampton, Ont",HS,,commit/drafted: Uncommitted; age 18,,479,465.0,465.0,465,465,0,0.0,1,465.0,,,,
p0479,Dylan Hicks,RHP,Everett (Wash.) JC,JUCO,,commit/drafted: Oregon State,,480,466.0,466.0,466,466,0,0.0,1,466.0,,,,
p0480,Aaron Dierks,RHP,"West Springfield HS, Springfield, Va",HS,,commit/drafted: South Carolina; age 18,,481,467.0,467.0,467,467,0,0.0,1,467.0,,,,
p0481,Sammy Swank,RHP,"McCutcheon HS, Lafayette, Ind",HS,,commit/drafted: Kentucky; age 18,,482,468.0,468.0,468,468,0,0.0,1,468.0,,,,
p0482,Brady Stewart,SS,"St. Thomas Aquinas HS, Overland Park, Kan",HS,,commit/drafted: Uncommitted; age 18,,483,469.0,469.0,469,469,0,0.0,1,469.0,,,,
p0483,Max Holland,C,Conway (Ark.) HS,HS,,commit/drafted: Arkansas; age 19,,484,470.0,470.0,470,470,0,0.0,1,470.0,,,,
p0484,Joseph Raimonda,LHP,"Monsignor Farrell HS, Staten Island, N.Y",HS,,commit/drafted: Central Florida; age 18,,485,471.0,471.0,471,471,0,0.0,1,471.0,,,,
p0485,Parker Loew,SS,"Trinity Christian Academy, Jacksonville, Fla",HS,,commit/drafted: LSU; age 18,,486,472.0,472.0,472,472,0,0.0,1,472.0,,,,
p0486,Gavin Swartz,RHP,Normal (Ill.) Community HS,HS,,commit/drafted: Indiana; age 18,,487,473.0,473.0,473,473,0,0.0,1,473.0,,,,
p0487,Joey Lawson,RHP,Bishop Verot Catholic HS,HS,,commit/drafted: University of North Carolina; age 19,,488,474.0,474.0,474,474,0,0.0,1,474.0,,,,
p0488,Jake Escalante,LHP,Soquel (Calif.) HS,HS,,commit/drafted: Cal State Fullerton; age 18,,489,475.0,475.0,475,475,0,0.0,1,475.0,,,,
p0489,Cameron Hanes,RHP,"TNXL Academy, Ocoee, Fla",HS,,commit/drafted: Florida; age 18,,490,476.0,476.0,476,476,0,0.0,1,476.0,,,,
p0490,Gavin Guy,RHP,"Newport Harbor HS, Newport Beach, Calif",HS,,commit/drafted: UC Santa Barbara; age 18,,491,477.0,477.0,477,477,0,0.0,1,477.0,,,,
p0491,Declan Fitzgerald,RHP,Fullerton (Calif.) Union HS,HS,,commit/drafted: Arizona State; age 18,,492,478.0,478.0,478,478,0,0.0,1,478.0,,,,
p0492,Dominic Pellegrin,SS,"Holy Cross HS, New Orleans",HS,,commit/drafted: Tulane; age 19,,493,479.0,479.0,479,479,0,0.0,1,479.0,,,,
p0493,Logan Sorrel,RHP,"Parkview Baptist HS, Baton Rouge, La",HS,,commit/drafted: Kentucky; age 18,,494,480.0,480.0,480,480,0,0.0,1,480.0,,,,
p0494,Gabe Jones,RHP,Enterprise (Ala.) JC,JUCO,,,,495,481.0,481.0,481,481,0,0.0,1,481.0,,,,
p0495,Parker Van Engelenhoven,RHP,"Olentangy Liberty HS, Powell, Ohio",HS,,commit/drafted: Louisville; age 18,,496,483.0,483.0,483,483,0,0.0,1,483.0,,,,
p0496,Ben Hanley,RHP,Mason (Ohio) HS,HS,,commit/drafted: Kent State; age 18,,497,484.0,484.0,484,484,0,0.0,1,484.0,,,,
p0497,Dustin Dunwoody,RHP,"Royal HS, Simi Valley, Calif",HS,,commit/drafted: Southern California; age 18,,498,485.0,485.0,485,485,0,0.0,1,485.0,,,,
p0498,Austin Fawley,C,Ole Miss,,,age 23,,499,486.0,486.0,486,486,0,0.0,1,486.0,,,,
p0499,Griffin Loy,RHP,South Walton HS,HS,,commit/drafted: Virginia ; age 19,,500,488.0,488.0,488,488,0,0.0,1,488.0,,,,
p0500,Yodelkis Quevedo,3B,"Mater Academy, Hialeah Gardens, Fla",HS,,commit/drafted: Florida State; age 18,,501,490.0,490.0,490,490,0,0.0,1,490.0,,,,
p0501,Nolan Stefaniak,RHP,Butler (Pa.) HS,HS,,commit/drafted: Penn State; age 19,,502,491.0,491.0,491,491,0,0.0,1,491.0,,,,
p0502,Andrew Gette,RHP,"Mounds View HS, Arden Hills, Minn",HS,,commit/drafted: Miami; age 18,,503,492.0,492.0,492,492,0,0.0,1,492.0,,,,
p0503,Alex Hoffman,RHP,Charlotte (N.C.) Catholic HS,HS,,commit/drafted: Virginia Tech; age 18,,504,493.0,493.0,493,493,0,0.0,1,493.0,,,,
p0504,Isaiah James,LHP,"South Central HS, Winterville, N.C",HS,,commit/drafted: Duke; age 18,,505,494.0,494.0,494,494,0,0.0,1,494.0,,,,
p0505,Ryan Ventrelle,SS,Fairfield (Conn.) Prep,HS,,commit/drafted: Notre Dame; age 18,,506,495.0,495.0,495,495,0,0.0,1,495.0,,,,
p0506,Carter Perdue,RHP,"St. Paul VI Catholic HS, Chantilly, Va",HS,,commit/drafted: East Carolina; age 18,,507,496.0,496.0,496,496,0,0.0,1,496.0,,,,
p0507,Wyatt Williams,RHP,"Thompson HS, Alabaster, Ala",HS,,commit/drafted: Alabama; age 18,,508,497.0,497.0,497,497,0,0.0,1,497.0,,,,
p0508,Grady Saunders,RHP,"Thurston HS, Springfield, Ore",HS,,commit/drafted: Oregon State; age 19,,509,499.0,499.0,499,499,0,0.0,1,499.0,,,,
p0509,Andrew Wiggins,OF,NC State,,,age 21,,510,500.0,500.0,500,500,0,0.0,1,500.0,,,,
